Position,Name,Year,URL,Description
1,Moonrise Kingdom,2012,https://letterboxd.com/film/moonrise-kingdom/,
2,The Grand Budapest Hotel,2014,https://letterboxd.com/film/the-grand-budapest-hotel/,
3,The Royal Tenenbaums,2001,https://letterboxd.com/film/the-royal-tenenbaums/,
4,Pulp Fiction,1994,https://letterboxd.com/film/pulp-fiction/,
5,Kill Bill: Vol. 1,2003,https://letterboxd.com/film/kill-bill-vol-1/,
6,Parasite,2019,https://letterboxd.com/film/parasite-2019/,
7,Jojo Rabbit,2019,https://letterboxd.com/film/jojo-rabbit/,
8,La La Land,2016,https://letterboxd.com/film/la-la-land/,
9,Kill Bill: Vol. 2,2004,https://letterboxd.com/film/kill-bill-vol-2/,
10,Inglourious Basterds,2009,https://letterboxd.com/film/inglourious-basterds/,
11,The Dark Knight,2008,https://letterboxd.com/film/the-dark-knight/,
12,Little Women,2019,https://letterboxd.com/film/little-women-2019/,
13,The Avengers,2012,https://letterboxd.com/film/the-avengers-2012/,
14,Avengers: Endgame,2019,https://letterboxd.com/film/avengers-endgame/,
15,Lady Bird,2017,https://letterboxd.com/film/lady-bird/,
16,Knives Out,2019,https://letterboxd.com/film/knives-out-2019/,
17,The Iron Giant,1999,https://letterboxd.com/film/the-iron-giant/,
18,Portrait of a Lady on Fire,2019,https://letterboxd.com/film/portrait-of-a-lady-on-fire/,
19,Marriage Story,2019,https://letterboxd.com/film/marriage-story-2019/,
20,Scott Pilgrim vs. the World,2010,https://letterboxd.com/film/scott-pilgrim-vs-the-world/,
21,About Time,2013,https://letterboxd.com/film/about-time/,
22,Back to the Future,1985,https://letterboxd.com/film/back-to-the-future/,
23,Ocean's Eleven,2001,https://letterboxd.com/film/oceans-eleven-2001/,
24,When Harry Met Sally...,1989,https://letterboxd.com/film/when-harry-met-sally/,
25,Alaipayuthey,2000,https://letterboxd.com/film/alaipayuthey/,
